timestep,field_energy,max_E,max_B,total_flux,avg_lorentz_force,charge_rms,current_rms,maxwell_violation
0,0.8976287947,0.3443450742,1.39981537,0.2936455394,0.003550165008,0.002882718243,0.002882716457,0.0575175621
