time,norm,norm_error,E_total,E_kin,E_pot,pos_x_re,pos_x_im,pos_y_re,pos_y_im,mom_x_re,mom_x_im,mom_y_re,mom_y_im,R_avg,R_max,R_min,R_var,norm_valid,energy_valid
0,0.9999998509,-1.490847689e-07,-3855.577872,0.2375879808,2.480040156,38.4099957,0,31.99999523,0,-0.000621904032,1.622441864e-19,1.287100957e-09,8.655244627e-17,0.9680487107,0.9998266101,0.2843107283,0.01398267012,1,0
0.9899999499,0.9999758306,-2.416937144e-05,-3855.034074,0.2376094654,2.484400576,39.31772349,0,31.99922634,0,-0.004811484433,-1.948678481e-18,-3.544481351e-05,7.397115457e-18,0.968096042,0.9998266101,0.2843107283,0.01394856145,1,1
