Method,Alpha_Measured,Alpha_QED,Ratio
Energy,0.00353983,0.00729735,0.485084
Coupling,0.000244141,0.00729735,0.0334561
Flux,961.16,0.00729735,131713
GeometricMean,0.0940025,0.00729735,12.8817
